Year,Average
2021,66.50889047397506
2020,67.20924598844219
2019,66.13933806891878
2018,64.46800088783085
2017,63.73514792063529
2016,56.24181928783178
